timestamp_utc,timestamp_local,parking_id,parking_slug,capacity,available,occupied,occupancy_pct
2026-09-10T23:26:00Z,2026-09-11T01:26:00+02:00,53,dr-robert,407,344,63,15.5
2026-09-10T23:26:00Z,2026-09-11T01:26:00+02:00,54,placa-vella,297,233,64,21.5
2026-09-10T23:26:00Z,2026-09-11T01:26:00+02:00,55,ajuntament-mercat,237,181,56,23.6
2026-09-10T23:27:00Z,2026-09-11T01:27:00+02:00,53,dr-robert,407,344,63,15.5
2026-09-10T23:27:00Z,2026-09-11T01:27:00+02:00,54,placa-vella,297,233,64,21.5
2026-09-10T23:27:00Z,2026-09-11T01:27:00+02:00,55,ajuntament-mercat,237,181,56,23.6
2026-09-10T23:28:00Z,2026-09-11T01:28:00+02:00,53,dr-robert,407,344,63,15.5
2026-09-10T23:28:00Z,2026-09-11T01:28:00+02:00,54,placa-vella,297,233,64,21.5
2026-09-10T23:28:00Z,2026-09-11T01:28:00+02:00,55,ajuntament-mercat,237,181,56,23.6
2026-09-10T23:29:00Z,2026-09-11T01:29:00+02:00,53,dr-robert,407,344,63,15.5
2026-09-10T23:29:00Z,2026-09-11T01:29:00+02:00,54,placa-vella,297,233,64,21.5
2026-09-10T23:29:00Z,2026-09-11T01:29:00+02:00,55,ajuntament-mercat,237,181,56,23.6
2026-09-10T23:30:00Z,2026-09-11T01:30:00+02:00,53,dr-robert,407,345,62,15.2
2026-09-10T23:30:00Z,2026-09-11T01:30:00+02:00,54,placa-vella,297,233,64,21.5
2026-09-10T23:30:00Z,2026-09-11T01:30:00+02:00,55,ajuntament-mercat,237,181,56,23.6
2026-09-10T23:33:00Z,2026-09-11T01:33:00+02:00,53,dr-robert,407,345,62,15.2
2026-09-10T23:33:00Z,2026-09-11T01:33:00+02:00,54,placa-vella,297,233,64,21.5
2026-09-10T23:33:00Z,2026-09-11T01:33:00+02:00,55,ajuntament-mercat,237,181,56,23.6
2026-09-10T23:34:00Z,2026-09-11T01:34:00+02:00,53,dr-robert,407,345,62,15.2
2026-09-10T23:34:00Z,2026-09-11T01:34:00+02:00,54,placa-vella,297,233,64,21.5
2026-09-10T23:34:00Z,2026-09-11T01:34:00+02:00,55,ajuntament-mercat,237,181,56,23.6
2026-09-10T23:35:00Z,2026-09-11T01:35:00+02:00,53,dr-robert,407,345,62,15.2
2026-09-10T23:35:00Z,2026-09-11T01:35:00+02:00,54,placa-vella,297,233,64,21.5
2026-09-10T23:35:00Z,2026-09-11T01:35:00+02:00,55,ajuntament-mercat,237,181,56,23.6
2026-09-10T23:36:00Z,2026-09-11T01:36:00+02:00,53,dr-robert,407,345,62,15.2
2026-09-10T23:36:00Z,2026-09-11T01:36:00+02:00,54,placa-vella,297,233,64,21.5
2026-09-10T23:36:00Z,2026-09-11T01:36:00+02:00,55,ajuntament-mercat,237,181,56,23.6
2026-09-10T23:37:00Z,2026-09-11T01:37:00+02:00,53,dr-robert,407,345,62,15.2
2026-09-10T23:37:00Z,2026-09-11T01:37:00+02:00,54,placa-vella,297,233,64,21.5
2026-09-10T23:37:00Z,2026-09-11T01:37:00+02:00,55,ajuntament-mercat,237,181,56,23.6
2026-09-10T23:38:00Z,2026-09-11T01:38:00+02:00,53,dr-robert,407,345,62,15.2
2026-09-10T23:38:00Z,2026-09-11T01:38:00+02:00,54,placa-vella,297,233,64,21.5
2026-09-10T23:38:00Z,2026-09-11T01:38:00+02:00,55,ajuntament-mercat,237,181,56,23.6
2026-09-10T23:39:00Z,2026-09-11T01:39:00+02:00,53,dr-robert,407,345,62,15.2
2026-09-10T23:39:00Z,2026-09-11T01:39:00+02:00,54,placa-vella,297,233,64,21.5
2026-09-10T23:39:00Z,2026-09-11T01:39:00+02:00,55,ajuntament-mercat,237,181,56,23.6
2026-09-10T23:40:00Z,2026-09-11T01:40:00+02:00,53,dr-robert,407,345,62,15.2
2026-09-10T23:40:00Z,2026-09-11T01:40:00+02:00,54,placa-vella,297,233,64,21.5
2026-09-10T23:40:00Z,2026-09-11T01:40:00+02:00,55,ajuntament-mercat,237,181,56,23.6
2026-09-10T23:41:00Z,2026-09-11T01:41:00+02:00,53,dr-robert,407,345,62,15.2
2026-09-10T23:41:00Z,2026-09-11T01:41:00+02:00,54,placa-vella,297,232,65,21.9
2026-09-10T23:41:00Z,2026-09-11T01:41:00+02:00,55,ajuntament-mercat,237,181,56,23.6
2026-09-10T23:42:00Z,2026-09-11T01:42:00+02:00,53,dr-robert,407,345,62,15.2
2026-09-10T23:42:00Z,2026-09-11T01:42:00+02:00,54,placa-vella,297,232,65,21.9
2026-09-10T23:42:00Z,2026-09-11T01:42:00+02:00,55,ajuntament-mercat,237,181,56,23.6
2026-09-10T23:43:00Z,2026-09-11T01:43:00+02:00,53,dr-robert,407,345,62,15.2
2026-09-10T23:43:00Z,2026-09-11T01:43:00+02:00,54,placa-vella,297,232,65,21.9
2026-09-10T23:43:00Z,2026-09-11T01:43:00+02:00,55,ajuntament-mercat,237,181,56,23.6
2026-09-10T23:44:00Z,2026-09-11T01:44:00+02:00,53,dr-robert,407,345,62,15.2
2026-09-10T23:44:00Z,2026-09-11T01:44:00+02:00,54,placa-vella,297,232,65,21.9
2026-09-10T23:44:00Z,2026-09-11T01:44:00+02:00,55,ajuntament-mercat,237,181,56,23.6
2026-09-10T23:45:00Z,2026-09-11T01:45:00+02:00,53,dr-robert,407,345,62,15.2
2026-09-10T23:45:00Z,2026-09-11T01:45:00+02:00,54,placa-vella,297,232,65,21.9
2026-09-10T23:45:00Z,2026-09-11T01:45:00+02:00,55,ajuntament-mercat,237,181,56,23.6
2026-09-10T23:46:00Z,2026-09-11T01:46:00+02:00,53,dr-robert,407,344,63,15.5
2026-09-10T23:46:00Z,2026-09-11T01:46:00+02:00,54,placa-vella,297,231,66,22.2
2026-09-10T23:46:00Z,2026-09-11T01:46:00+02:00,55,ajuntament-mercat,237,181,56,23.6
2026-09-10T23:47:00Z,2026-09-11T01:47:00+02:00,53,dr-robert,407,344,63,15.5
2026-09-10T23:47:00Z,2026-09-11T01:47:00+02:00,54,placa-vella,297,231,66,22.2
2026-09-10T23:47:00Z,2026-09-11T01:47:00+02:00,55,ajuntament-mercat,237,181,56,23.6
2026-09-10T23:48:00Z,2026-09-11T01:48:00+02:00,53,dr-robert,407,344,63,15.5
2026-09-10T23:48:00Z,2026-09-11T01:48:00+02:00,54,placa-vella,297,231,66,22.2
2026-09-10T23:48:00Z,2026-09-11T01:48:00+02:00,55,ajuntament-mercat,237,181,56,23.6
2026-09-10T23:49:00Z,2026-09-11T01:49:00+02:00,53,dr-robert,407,344,63,15.5
2026-09-10T23:49:00Z,2026-09-11T01:49:00+02:00,54,placa-vella,297,231,66,22.2
2026-09-10T23:49:00Z,2026-09-11T01:49:00+02:00,55,ajuntament-mercat,237,181,56,23.6
2026-09-10T23:50:00Z,2026-09-11T01:50:00+02:00,53,dr-robert,407,344,63,15.5
2026-09-10T23:50:00Z,2026-09-11T01:50:00+02:00,54,placa-vella,297,231,66,22.2
2026-09-10T23:50:00Z,2026-09-11T01:50:00+02:00,55,ajuntament-mercat,237,181,56,23.6
